key,button,feature,center,zoom,info,geometry
Mill_Harbout,Mill Harbout,"""177143622,177143618,3144134361258515,688930149,1279689397,889576858668445,1023980048235445,4889576858668445,2540021883201315,52036981""","""[ -0.018948054998971, 51.499610368808945 ]""",16,"""<h3>Mill Harbour</h3>
        <strong>Schmeme Name</Strong><br>
        3 Millharbour(Great Eastern Enterprise Centre), 6-8 South Quay Square<br><br>

        <strong>Site Location</strong><br>
        Two Sites: SITE 1 Land at 3 Millharbour and SITE 2 land at 6, 7 and 8 South Quay Square, South Quay Square, London<br><br>

        <strong>Accommodation Schedule</strong><br>
        <table border = 1>
          <tr style=""text-align: left;"">
            <th>Total</th>
            <th>1619</th>
          </tr>
          <tr>
            <td>Private</td>
            <td>1245</td>
          </tr>
          <tr>
            <td>Affordable</td>
            <td>0</td>
          </tr>
          <tr>
            <td>LAR</td>
            <td>0</td>
          </tr>
          <tr>
            <td>Social</td>
            <td>267</td>
          </tr>
          <tr>  
            <td>Intermediate/ Shared Ownership</td>
            <td>107</td>
          </tr>
        </table>
        <br>

        <strong>Planning Application</strong><br>
        PA/20/01969<br><br>

        <strong>Permission Date</strong><br>
        20-Oct-21<br><br>

        <strong>Construction Start</strong><br>
        Sep-20<br><br>

        <strong>Scheme Progress</strong><br>
        <ul>
          <li>Construction on hold since Q1 2022; Phase 1 has 945 units (571 private), Phase 2 has 674 private units.</li>
          <li>Affordable tenures: 163 social rent, 104 affordable rent, 107 intermediate.</li>
          <li>Blocks: G1 not started (674 private), G2 under construction (256 private, 169 affordable), G3 under construction (315 private), G4 under construction (205 affordable).</li>
          <li>Application PA/20/01969 permitted on 20/10/2021, total 1,619 units (1,245 private, 267 social rent, 107 intermediate).</li>
          <li>First completions due in 2024.</li>
        </ul>""","""[[[[ -0.020805414751267, 51.50023645680416 ], [ -0.020809751943883, 51.500236781841714 ], [ -0.020809263772212, 51.500240064946333 ], [ -0.020822748117459, 51.500252738981047 ], [ -0.020824168341932, 51.500253212590628 ], [ -0.020827008946847, 51.500254159812371 ], [ -0.020829149178696, 51.500254645583041 ], [ -0.020831989779587, 51.500255592901965 ], [ -0.020833410160126, 51.500256066514076 ], [ -0.020834110533389, 51.500256527965057 ], [ -0.02083553075388, 51.500257001671805 ], [ -0.02083693165637, 51.500257924576374 ], [ -0.020838351881166, 51.500258398185785 ], [ -0.020839032772186, 51.500259309026546 ], [ -0.020840453152914, 51.500259782638558 ], [ -0.020840433674816, 51.500260231931058 ], [ -0.020841134043995, 51.500260693479298 ], [ -0.02084181493932, 51.500261604222729 ], [ -0.020843215837859, 51.500262527224514 ], [ -0.020844577624455, 51.500264348808656 ], [ -0.020845939567036, 51.500266170395413 ], [ -0.02084590061094, 51.500267068980421 ], [ -0.02084656202419, 51.500268429113639 ], [ -0.020822253495862, 51.500413703589722 ], [ -0.020802305729117, 51.500508241858604 ], [ -0.020805822829215, 51.5005201718972 ], [ -0.020811347406152, 51.500538970634651 ], [ -0.020812481909309, 51.500572623613444 ], [ -0.020806720272927, 51.500591195695918 ], [ -0.020803604309337, 51.500601251271647 ], [ -0.020794057463355, 51.500625371076268 ], [ -0.02076892973132, 51.500653274535516 ], [ -0.020733536981079, 51.500672011700082 ], [ -0.020678594235675, 51.500689699111341 ], [ -0.020623399654372, 51.50071352443851 ], [ -0.020608315429046, 51.500712163583927 ], [ -0.020591252064281, 51.500710256577804 ], [ -0.020582519919678, 51.500708939928387 ], [ -0.020565382660604, 51.500705412997405 ], [ -0.020564658904061, 51.500705490735555 ], [ -0.020564211373653, 51.500705842837441 ], [ -0.020564040060939, 51.500706469497693 ], [ -0.020563861111997, 51.500707275859853 ], [ -0.020563790974633, 51.500708893347728 ], [ -0.020563475627858, 51.500709517574911 ], [ -0.02056316823328, 51.500709962008173 ], [ -0.020562440582716, 51.500710129547265 ], [ -0.020555385564549, 51.500710010370675 ], [ -0.020551790010375, 51.500709859765998 ], [ -0.020544894614915, 51.500709383526058 ], [ -0.020541302959043, 51.500709143022789 ], [ -0.020537859079568, 51.500708815051595 ], [ -0.020534415200161, 51.500708487080303 ], [ -0.020530971476687, 51.500708159111561 ], [ -0.020527531491385, 51.500707741339085 ], [ -0.020524091666265, 51.50070732347185 ], [ -0.020520651685316, 51.500706905601874 ], [ -0.020517215598483, 51.50070639793082 ], [ -0.020513923701637, 51.500705892695429 ], [ -0.020510487614949, 51.500705385024155 ], [ -0.020503623394285, 51.500704189887387 ], [ -0.020500335240157, 51.500703594750682 ], [ -0.020496903052116, 51.500702997180717 ], [ -0.020493474918351, 51.50070230971501 ], [ -0.020490190658592, 51.500701624777008 ], [ -0.020486762369159, 51.500700937308473 ], [ -0.02048348200794, 51.500700162472 ], [ -0.020480053870374, 51.500699475103175 ], [ -0.020476773513602, 51.500698700169217 ], [ -0.020473349118716, 51.500697922899263 ], [ -0.020466788397315, 51.500696373225459 ], [ -0.020463364158668, 51.500695595957801 ], [ -0.020460087696625, 51.500694731222382 ], [ -0.020456807336338, 51.500693956385135 ], [ -0.020453386840553, 51.500693089216291 ], [ -0.02044683407324, 51.500691359747371 ], [ -0.020443413577852, 51.500690492578187 ], [ -0.020440137116579, 51.500689627842178 ], [ -0.020436860651217, 51.500688763203328 ], [ -0.020433584190187, 51.500687898467099 ], [ -0.020430307729299, 51.500687033730777 ], [ -0.020426891288897, 51.500686076665467 ], [ -0.020423614824042, 51.500685212026241 ], [ -0.020420338363549, 51.500684347289607 ], [ -0.020417061903184, 51.500683482552894 ], [ -0.020413785442934, 51.500682617816075 ], [ -0.02041051287707, 51.500681663278165 ], [ -0.020407092539041, 51.500680796110501 ], [ -0.020403816079184, 51.500679931373405 ], [ -0.020401535698113, 51.500679353258874 ], [ -0.020397263159871, 51.500678201898886 ], [ -0.020393982801917, 51.500677427059756 ], [ -0.020390706342581, 51.500676562322262 ], [ -0.020387285849442, 51.500675695151351 ], [ -0.020384005491851, 51.500674920311923 ], [ -0.020380729188777, 51.500674055576773 ], [ -0.020377448831409, 51.500673280737139 ], [ -0.020374168474169, 51.500672505897441 ], [ -0.020370744083141, 51.500671728624297 ], [ -0.020209590863448, 51.500636721101195 ], [ -0.019787018784316, 51.500546395480413 ], [ -0.019600685955732, 51.50050727443908 ], [ -0.019521382124812, 51.500491995070433 ], [ -0.01942554989261, 51.500477425585402 ], [ -0.019407542960837, 51.500475682398324 ], [ -0.019323646896468, 51.500466620366602 ], [ -0.019297945342759, 51.500461239797758 ], [ -0.019273002480378, 51.500454972804704 ], [ -0.019270644038408, 51.500453871781062 ], [ -0.019227106262195, 51.500433513225197 ], [ -0.019213468722486, 51.500415746578085 ], [ -0.019210551634229, 51.500399959635679 ], [ -0.01913844695968, 51.500384801797999 ], [ -0.01913529445198, 51.500391043500052 ], [ -0.019133776762557, 51.500392816427613 ], [ -0.019132239422219, 51.500395038644555 ], [ -0.019129145397781, 51.500399932470316 ], [ -0.019124611666661, 51.500404801958005 ], [ -0.019117898724355, 51.500410084227809 ], [ -0.019109045564488, 51.500414880597994 ], [ -0.019097215349127, 51.500421874942916 ], [ -0.019089880028806, 51.500424898484475 ], [ -0.01908186369338, 51.500427011172356 ], [ -0.019072446641544, 51.500428200937002 ], [ -0.019061609226475, 51.500428916970193 ], [ -0.019052231165216, 51.500429208149207 ], [ -0.019043592457255, 51.500429062107663 ], [ -0.018986916058215, 51.50042360744181 ], [ -0.018974755763824, 51.500421603275399 ], [ -0.018758656687669, 51.500371186599395 ], [ -0.018700171686281, 51.500357607635728 ], [ -0.018689529439655, 51.500353830523537 ], [ -0.018679626390198, 51.500349616287551 ], [ -0.018669023150214, 51.500344940492397 ], [ -0.018659859455895, 51.500340289134627 ], [ -0.018650754422319, 51.500334289805799 ], [ -0.018643867604988, 51.500326979021736 ], [ -0.018642466749504, 51.500326055994108 ], [ -0.018631709029977, 51.500308337972079 ], [ -0.018626339925277, 51.500299254266103 ], [ -0.018622449680215, 51.500289296322862 ], [ -0.018621263337282, 51.50028343079218 ], [ -0.018620096646141, 51.500277116069519 ], [ -0.018620330656985, 51.500271724274796 ], [ -0.018621265018545, 51.500266793944036 ], [ -0.018652647710808, 51.500074876409023 ], [ -0.018683982632001, 51.499883722352408 ], [ -0.018590718304366, 51.499785120821144 ], [ -0.018570592508053, 51.499783737357063 ], [ -0.018539954442956, 51.499783219274072 ], [ -0.018540238196034, 51.499781659353836 ], [ -0.018495489399042, 51.49977860040503 ], [ -0.018230955067318, 51.499762678988581 ], [ -0.018203360783683, 51.4997600901402 ], [ -0.018063238860361, 51.499611496237264 ], [ -0.017673939052306, 51.499586199082195 ], [ -0.017493642010571, 51.499574156960037 ], [ -0.017439306868544, 51.499531421049248 ], [ -0.017446997518656, 51.49948703616819 ], [ -0.017351857968947, 51.499488124936732 ], [ -0.017285766832896, 51.499483859506313 ], [ -0.017283726857946, 51.499482062442333 ], [ -0.01728368524404, 51.499482025714215 ], [ -0.017260765676878, 51.499480289075059 ], [ -0.017279486905465, 51.499361728593698 ], [ -0.017279110047498, 51.499357468536239 ], [ -0.017301189145909, 51.49922827226527 ], [ -0.017302709842758, 51.499228423876829 ], [ -0.017304071271052, 51.499225605176399 ], [ -0.017309408937578, 51.49916407610197 ], [ -0.01730875603456, 51.499160863575149 ], [ -0.017308474424026, 51.499160049434991 ], [ -0.01730866955861, 51.499155556229439 ], [ -0.017308027631852, 51.499153746788807 ], [ -0.017308806148141, 51.499152411092545 ], [ -0.017323916356907, 51.499053295078348 ], [ -0.01732471423113, 51.499051509990529 ], [ -0.017324792283142, 51.499049712727654 ], [ -0.017325570801196, 51.499048376933857 ], [ -0.017326368675256, 51.49904659184601 ], [ -0.017327147037332, 51.499045256049534 ], [ -0.01732794491128, 51.499043470961666 ], [ -0.017328801877558, 51.499042649109846 ], [ -0.017347182523727, 51.498934910262285 ], [ -0.017349733474163, 51.498919962262384 ], [ -0.017357772996203, 51.498870862063377 ], [ -0.01735643091948, 51.498868591159592 ], [ -0.017378976032194, 51.498735616680271 ], [ -0.017393229311592, 51.498651585269684 ], [ -0.017428829937987, 51.498437931350196 ], [ -0.017435854265095, 51.498403580401387 ], [ -0.018805656388778, 51.498487346246286 ], [ -0.018723498688353, 51.498956906758131 ], [ -0.018721980876274, 51.498958679678474 ], [ -0.018721827994878, 51.498967184465933 ], [ -0.018698026657991, 51.49911358224125 ], [ -0.018700466282483, 51.499122436583683 ], [ -0.018700368786953, 51.499124683141034 ], [ -0.018667974720784, 51.499323328324429 ], [ -0.018615197839348, 51.499643033115959 ], [ -0.018614766042481, 51.499645678757688 ], [ -0.018847376502745, 51.499741177576595 ], [ -0.01885012252738, 51.499740981181453 ], [ -0.018852987712436, 51.499741029623891 ], [ -0.018853003222663, 51.499741002916622 ], [ -0.01885300205317, 51.49974102986635 ], [ -0.018926351895559, 51.499744068571211 ], [ -0.019281971606248, 51.499766717234898 ], [ -0.019472668330245, 51.499777908322805 ], [ -0.019480492314439, 51.49971080957242 ], [ -0.019602537013675, 51.499717278840329 ], [ -0.019616312256361, 51.499715263350076 ], [ -0.019643181710417, 51.499710321806546 ], [ -0.019659933769185, 51.499706108415495 ], [ -0.019673047631334, 51.499702732876251 ], [ -0.019680324325956, 51.499701057270229 ], [ -0.019687581686952, 51.499699830958619 ], [ -0.019695558729652, 51.499698616906571 ], [ -0.019702796601032, 51.499697839886259 ], [ -0.019710734665475, 51.499697524417655 ], [ -0.019718692378598, 51.499696759561623 ], [ -0.019725891267873, 51.499696881221638 ], [ -0.019733829332034, 51.499696565751485 ], [ -0.01974962781406, 51.499697732081124 ], [ -0.019756807059414, 51.499698303028858 ], [ -0.019764686814821, 51.499699335436013 ], [ -0.01977184656826, 51.499700355772376 ], [ -0.01977970683207, 51.499701837568082 ], [ -0.01978684710245, 51.499703307098514 ], [ -0.019801088816261, 51.499707144939826 ], [ -0.019808190259976, 51.49970951325075 ], [ -0.019820953161348, 51.499714225342203 ], [ -0.019827315125393, 51.499717030679697 ], [ -0.019833657598407, 51.499720285406404 ], [ -0.019839299717233, 51.499723078676013 ], [ -0.019844902861799, 51.499726770529925 ], [ -0.019851226005878, 51.499730474550624 ], [ -0.019863774544664, 51.499740129144435 ], [ -0.019872081827586, 51.499747913482189 ], [ -0.019883112736398, 51.499759341011817 ], [ -0.019890680695636, 51.499767562476308 ], [ -0.019910543872263, 51.499791279718224 ], [ -0.019919648967484, 51.499797278950325 ], [ -0.019930933239418, 51.499802865383955 ], [ -0.019937314709126, 51.499805221423344 ], [ -0.019945155509903, 51.499807152500459 ], [ -0.019950856109912, 51.499808597790668 ], [ -0.019957296040762, 51.499809605952088 ], [ -0.020029128293597, 51.499814416905132 ], [ -0.020032279857943, 51.499791583173383 ], [ -0.020032252969958, 51.499791537737423 ], [ -0.020032281807354, 51.499791538224692 ], [ -0.020036816543425, 51.499770031844903 ], [ -0.020186405250072, 51.49977926815626 ], [ -0.020257408761519, 51.499783588278817 ], [ -0.020317959648098, 51.499779755119683 ], [ -0.020440222048777, 51.499787189427948 ], [ -0.0205580683906, 51.499794126357344 ], [ -0.020634939913266, 51.49979902206546 ], [ -0.02063478357889, 51.499799972606738 ], [ -0.020677256957429, 51.499784727717213 ], [ -0.020677375029753, 51.499784001242986 ], [ -0.020905090634796, 51.499799088639861 ], [ -0.020919449341701, 51.499800230493918 ], [ -0.020896211792572, 51.499937429406934 ], [ -0.020861296745306, 51.500144575831527 ], [ -0.020845498228954, 51.500143409749818 ], [ -0.020776525437846, 51.500139097221371 ], [ -0.020776505959206, 51.500139546513864 ], [ -0.020775746992235, 51.500140433034701 ], [ -0.020775708034939, 51.50014133161968 ], [ -0.020774949223815, 51.500142218143139 ], [ -0.020774871304964, 51.500144015410413 ], [ -0.020774112497996, 51.50014490183657 ], [ -0.020773956660208, 51.500148496371096 ], [ -0.020774637548367, 51.500149407212199 ], [ -0.020774618069701, 51.500149856504692 ], [ -0.020775279479233, 51.500151216638294 ], [ -0.020775941048913, 51.500152576677216 ], [ -0.020776621937171, 51.500153487518304 ], [ -0.020778003196618, 51.500154859810699 ], [ -0.020779404094868, 51.500155782715929 ], [ -0.020780785354466, 51.500157155008289 ], [ -0.020783586991176, 51.500159000913314 ], [ -0.020784968406889, 51.500160373208267 ], [ -0.020787088999479, 51.500161308269533 ], [ -0.020788489893889, 51.500162231271958 ], [ -0.020790630121035, 51.500162717043295 ], [ -0.02079275071385, 51.500163652104455 ], [ -0.020794151608448, 51.500164575106787 ], [ -0.020796272357315, 51.500165510170525 ], [ -0.0207984124246, 51.500165996036394 ], [ -0.020799813323602, 51.500166918941375 ], [ -0.020804093618542, 51.500167890578275 ], [ -0.020806214367753, 51.500168825641829 ], [ -0.020808354595402, 51.500169311412847 ], [ -0.020810514145545, 51.500169347888693 ], [ -0.020814794596826, 51.50017031952784 ], [ -0.020816954302904, 51.500170356006194 ], [ -0.020819814380818, 51.500170853935572 ], [ -0.020826293343295, 51.500170963367644 ], [ -0.020773526723022, 51.500214245231284 ], [ -0.020771832467762, 51.50021410873596 ], [ -0.020771112617028, 51.500214096577103 ], [ -0.020765314541816, 51.500214897885797 ], [ -0.020758738170606, 51.500217035107305 ], [ -0.020754321355438, 51.50021920870806 ], [ -0.020751324918453, 51.500221855921723 ], [ -0.02074906780677, 51.500224066099115 ], [ -0.020748231077818, 51.500226749792269 ], [ -0.020747277466393, 51.500232129434899 ], [ -0.020748296994327, 51.500232209649489 ], [ -0.020805414751267, 51.50023645680416 ]]]]"""
Poplar Business Park,Poplar Business Park,"""191286188,191286185""","""[ -0.010151791579926, 51.508092725067556 ]""",16,"""<h3>Poplar Business Park</h3>
        <strong>Scheme Name</strong><br>
        Poplar Business Park - Manhattan Plaza<br><br>

        <strong>Site Location</strong><br>
        Poplar Business Park, 10 Prestons Road, London, E14 9RL<br><br>

        <strong>Accommodation Schedule</strong><br>
        <table border = 1>
          <tr style=""text-align: left;"">
            <th>Total</th>
            <th>392</th>
          </tr>
          <tr>
            <td>Private</td>
            <td>321</td>
          </tr>
          <tr>
            <td>Affordable</td>
            <td>47</td>
          </tr>
          <tr>
            <td>LAR</td>
            <td>0</td>
          </tr>
          <tr>
            <td>Social</td>
            <td>0</td>
          </tr>
          <tr>
            <td>Intermediate/ Shared Ownership</td>
            <td>24</td>
          </tr>
        </table>
        <br>

        <strong>Planning Application</strong><br>
        PA/11/03375<br><br>

        <strong>Permission Date</strong><br>
        23-Sep-13<br><br>

        <strong>Construction Start</strong><br>
        May-15<br><br>

        <strong>Scheme Progress</strong><br>
        <ul>
          <li>120 of 321 private units completed in Q4 2017 and sold out in Q2 2019.</li>
          <li>Remaining 222 units (201 private) bought by Bloom and TPG Angelo Gordon in Q2 2024 for industrial use.</li>
          <li>JV between Bloom and TPG Angelo Gordon bought the estate for £21.5m on 10 May 2024.</li>
          <li>Phases 2 and 3 start date and developer not confirmed; leases expire in 2025.</li>
          <li>Affordable tenures: 47 affordable rent, 24 intermediate.</li>
        </ul>""","""[[[[ -0.009334830588633, 51.50832731662409 ], [ -0.009279105528374, 51.508031326841831 ], [ -0.009273707648297, 51.508028213574072 ], [ -0.009233807431763, 51.507846146429948 ], [ -0.009233099337273, 51.507818777588291 ], [ -0.009264621643456, 51.507795517284684 ], [ -0.009320467577296, 51.507788803574584 ], [ -0.009337865210093, 51.507786401147946 ], [ -0.009410229105952, 51.507778951703095 ], [ -0.010041571545021, 51.507727807660693 ], [ -0.010123907706993, 51.507719690702693 ], [ -0.010332436646903, 51.507703004881755 ], [ -0.010414758761398, 51.507694878524632 ], [ -0.010786234411342, 51.507671775534426 ], [ -0.010827178350504, 51.507668063704834 ], [ -0.011026751109797, 51.507650541181825 ], [ -0.011036619539604, 51.50768895599699 ], [ -0.01107035793878, 51.50783501768106 ], [ -0.011064869836696, 51.507851822508883 ], [ -0.010902856921125, 51.507868534528988 ], [ -0.011012484261055, 51.508371261476832 ], [ -0.011025126739902, 51.508474976821923 ], [ -0.010883941061431, 51.508477338567729 ], [ -0.010766141112869, 51.508468208132747 ], [ -0.01065637368193, 51.50844969031111 ], [ -0.010383846759166, 51.508447439428949 ], [ -0.009930956682944, 51.508471875018017 ], [ -0.00976270113317, 51.508483299545937 ], [ -0.009493508811351, 51.508491813856196 ], [ -0.009302697284965, 51.508495705172614 ], [ -0.009249877247258, 51.50848291934058 ], [ -0.009246148899412, 51.50845442012411 ], [ -0.009237135449581, 51.50838157629375 ], [ -0.009334830588633, 51.50832731662409 ]]]]"""
Poplar_Transformer_Station,Poplar Transformer,"""4214386535513605,1471692045908755""","""[ -0.019504854817147, 51.518379800863073 ]""",16,"""<h3>Poplar Transformer Station</h3>
        <strong>Scheme Name</strong><br>
        Poplar Transformer Station<br><br>

        <strong>Site Location</strong><br>
        Land Bounded By Watts Grove And Gale Street, London, E3<br><br>

        <strong>Accommodation Schedule</strong><br>
        <table border = 1>
          <tr style=""text-align: left;"">
            <th>Total</th>
            <th>65</th>
          </tr>
          <tr>
            <td>Private</td>
            <td>0</td>
          </tr>
          <tr>
            <td>Affordable</td>
            <td>65</td>
          </tr>
          <tr>
            <td>LAR</td>
            <td>0</td>
          </tr>
          <tr>
            <td>Social</td>
            <td>0</td>
          </tr>
          <tr>
            <td>Intermediate/ Shared Ownership</td>
            <td>0</td>
          </tr>
        </table>
        <br>

        <strong>Planning Application</strong><br>
        PA/17/00732<br><br>

        <strong>Permission Date</strong><br>
        26-Feb-18<br><br>

        <strong>Construction Start</strong><br>
        Sep-19<br><br>
        
        <strong>Scheme Progress</strong><br>
        <ul>
          <li>Construction commenced in Q3 2019 for 65 affordable units.</li>
          <li>Work has been on hold since a crane collapse on 08/07/2020.</li>
          <li>Full planning permission granted on 26 Feb 2018 (PA/17/00732).</li>
          <li>Borough resolved to grant application on 11 Oct 2017; s106 not signed.</li>
          <li>Application submitted on 22 Mar 2017 for redevelopment of three residential blocks with 65 dwellings and associated amenities.</li>
        </ul>""","""[[[[ -0.01991797255878, 51.518358054655593 ], [ -0.019833559997522, 51.518389687653496 ], [ -0.019866592609319, 51.518489102463732 ], [ -0.019868510997831, 51.518496050307569 ], [ -0.019883491932406, 51.518532148199071 ], [ -0.019881699595739, 51.518532594636511 ], [ -0.019876239710345, 51.518533851448318 ], [ -0.019773951841221, 51.518565848254362 ], [ -0.019709659226578, 51.518585896272036 ], [ -0.019653737810475, 51.518601373434208 ], [ -0.019553043302826, 51.518629530047981 ], [ -0.019540100727814, 51.518633484235544 ], [ -0.019449822314268, 51.518661097246756 ], [ -0.019400167164103, 51.518675996477356 ], [ -0.01934198612795, 51.518608378091123 ], [ -0.019335166157199, 51.518600457331651 ], [ -0.0193308240597, 51.518595222142871 ], [ -0.019324018443738, 51.518587301527504 ], [ -0.019213561862991, 51.518458819052057 ], [ -0.01917241859988, 51.518410462895623 ], [ -0.019021564814159, 51.518465470098626 ], [ -0.019022907563746, 51.518467740936018 ], [ -0.018873669430134, 51.518518728605088 ], [ -0.01884936211978, 51.518480998178461 ], [ -0.018834571536741, 51.518456468017682 ], [ -0.018823362480155, 51.518432447935311 ], [ -0.018821358128203, 51.518428816984198 ], [ -0.018815325094096, 51.518418373505249 ], [ -0.018806879722693, 51.518397097864906 ], [ -0.018879931658114, 51.518374500333273 ], [ -0.018982141667879, 51.518344301541511 ], [ -0.019135505203992, 51.518297879831429 ], [ -0.019242192066808, 51.518264159283071 ], [ -0.019640304903558, 51.518141382623917 ], [ -0.019643613231962, 51.518148183061001 ], [ -0.019776246411214, 51.518097813597414 ], [ -0.019788557186812, 51.518093138282438 ], [ -0.019815837938242, 51.51808229479775 ], [ -0.019910446153975, 51.51817741588151 ], [ -0.019982925583688, 51.518251030651832 ], [ -0.020040760763913, 51.518312680663207 ], [ -0.020015924338095, 51.518321335288078 ], [ -0.01991797255878, 51.518358054655593 ]]]]"""
Bow_River_Village,Bow River Village,"""466156615,466156613,466156614,816514710,132649222,63238717010545,816514708,816514703,816514706,816514707,465915479,685293147,685293146,4662539522598755,4662539522598755,337477283,429589827,459975883346275,465915476,465915478,816514704,943223313,943223314,943223315,337477290,861217586,861217587,816514705,337477288""","""[ -0.010833924096524, 51.528194394152393 ]""",16,"""<h3>Bow River Village</h3>
        <strong>Scheme Name</strong><br>
        Bow River Village<br><br>
        
        <strong>Site Location</strong><br>
        Site At Bromley by Bow North, Hancock Road, London<br><br>

        <strong>Accommodation Schedule</strong><br>
        <table border = 1>
          <tr style=""text-align: left;"">
            <th>Total</th>
            <th>741</th>
          </tr>
          <tr>
            <td>Private</td>
            <td>667</td>
          </tr>
          <tr>
            <td>Affordable</td>
            <td>74</td>
          </tr>
          <tr>
            <td>LAR</td>
            <td>0</td>
          </tr>
          <tr>
            <td>Social</td>
            <td>0</td>
          </tr>
          <tr>
            <td>Intermediate/ Shared Ownership</td>
            <td>0</td>
          </tr>
        </table>
        <br>

        <strong>Planning Application</strong><br>
        PA/11/02423<br><br>

        <strong>Permission Date</strong><br>
        27-Sep-12<br><br>

        <strong>Construction Start</strong><br>
        Nov-14<br><br>

        <strong>Scheme Progress</strong><br>
        <ul>
          <li>Phase 1 is complete, sold out/rented, and contained 145 private units and 35 affordable.</li>
          <li>Phase 2 is 112 units, 73 of which are private, sold out and completed during Q1 2020.</li>
          <li>449 private units have yet to commence in future phases.</li>
          <li>Phase 3 was subject to application 19/00477/FUL for 435 units, including 224 private, but that was refused on 09/04/2021.</li>
          <li>Southern Housing transferred the site between companies on 30/03/2023 at a stated value of £9.86m.</li>
        </ul>""","""[[[[ -0.012791777191193, 51.529104443662668 ], [ -0.013188898656533, 51.529390616442171 ], [ -0.013241574404636, 51.529422533142217 ], [ -0.01333937384632, 51.529477695509513 ], [ -0.013343617574305, 51.529479565898704 ], [ -0.013347881020652, 51.529480987010125 ], [ -0.013351404445077, 51.529482845204363 ], [ -0.013355648174009, 51.529484715593142 ], [ -0.013359171755, 51.529486573789782 ], [ -0.013362675618383, 51.529488881263951 ], [ -0.013369722469867, 51.529492597651462 ], [ -0.013376730354869, 51.529497212601733 ], [ -0.013379513911201, 51.529499507978201 ], [ -0.013385820899396, 51.529503661450541 ], [ -0.013391388022457, 51.529508252008419 ], [ -0.013393451123781, 51.529510535090246 ], [ -0.013396234681707, 51.529512830466324 ], [ -0.013398297939453, 51.529515113550708 ], [ -0.013401061940541, 51.529517858109678 ], [ -0.013403125194488, 51.529520141291258 ], [ -0.013405908757681, 51.529522436569827 ], [ -0.013407952454794, 51.529525168934299 ], [ -0.013410015557646, 51.529527452015834 ], [ -0.013412059250957, 51.529530184477537 ], [ -0.0134141225102, 51.529532467561644 ], [ -0.013416166203961, 51.529535200023268 ], [ -0.013418229307653, 51.529537483104676 ], [ -0.01342099331119, 51.529540227663183 ], [ -0.013422336261934, 51.529542498650201 ], [ -0.01342846719912, 51.529550695837351 ], [ -0.013430530460035, 51.529552978921188 ], [ -0.013432573999633, 51.529555711379899 ], [ -0.013433897394303, 51.529558431549788 ], [ -0.013435941090316, 51.529561164011071 ], [ -0.013437264329347, 51.529563884178287 ], [ -0.013439327591252, 51.529566167261969 ], [ -0.013440426286084, 51.529568416102002 ], [ -0.013397994307264, 51.529585997860281 ], [ -0.013337165247443, 51.529611199822192 ], [ -0.013334146926714, 51.529614296099489 ], [ -0.013331167725983, 51.529616493913522 ], [ -0.013327448660614, 51.529619128715602 ], [ -0.013318648009702, 51.529622576806112 ], [ -0.013314267168249, 51.529623851569532 ], [ -0.013306484362589, 51.52962776650282 ], [ -0.01330251894034, 51.529629767696726 ], [ -0.013284048318921, 51.529639077135037 ], [ -0.01327298892274, 51.52964473513515 ], [ -0.013228202193951, 51.529632286383304 ], [ -0.012958424368907, 51.529584553556184 ], [ -0.012882328695226, 51.529572968321439 ], [ -0.012875353749737, 51.529571906005017 ], [ -0.012861025134377, 51.529569864821525 ], [ -0.012846676953399, 51.529568272916386 ], [ -0.012825125409075, 51.529566559025568 ], [ -0.012804313738925, 51.529564408048685 ], [ -0.012787123319984, 51.52956186878135 ], [ -0.012769193030233, 51.52955976659338 ], [ -0.012758426969402, 51.529558684951347 ], [ -0.012746940599786, 51.529557591207258 ], [ -0.012728290008591, 51.529555476814693 ], [ -0.012708918958186, 51.529553350217938 ], [ -0.012678821145694, 51.529549243411182 ], [ -0.012564507590901, 51.529535940629778 ], [ -0.012457194106768, 51.529523457686317 ], [ -0.012221199764622, 51.529496528943561 ], [ -0.012019684110737, 51.52947243189756 ], [ -0.011943738996936, 51.529461702940928 ], [ -0.011600320658703, 51.529418564581704 ], [ -0.011324923994293, 51.529386020335984 ], [ -0.011280458771234, 51.529380770360234 ], [ -0.01126328808911, 51.529377781591215 ], [ -0.011245416693853, 51.529374331235175 ], [ -0.011233268857279, 51.529371877199615 ], [ -0.011219680262933, 51.529369398744748 ], [ -0.011211114666137, 51.529367455030446 ], [ -0.011201828456637, 51.529365499102411 ], [ -0.011186858014971, 51.529361648291726 ], [ -0.011172607877122, 51.52935780968717 ], [ -0.011102077680312, 51.529338628849771 ], [ -0.011087827556559, 51.52933479023504 ], [ -0.011072857134291, 51.529330939409967 ], [ -0.011062929132236, 51.529327174049136 ], [ -0.011052280675041, 51.529323396476094 ], [ -0.011040911918856, 51.529319606693306 ], [ -0.011030283049199, 51.529315379838607 ], [ -0.011020374638004, 51.529311165194571 ], [ -0.011011225701728, 51.529306064102101 ], [ -0.010983700402542, 51.529292558131019 ], [ -0.010928047226111, 51.529262838090659 ], [ -0.010883958703702, 51.52923241483245 ], [ -0.010839286887898, 51.529198834290852 ], [ -0.010831696113921, 51.529191061732462 ], [ -0.010824864964467, 51.529182402924434 ], [ -0.010817313367376, 51.529173731805933 ], [ -0.010809781359066, 51.529164611407346 ], [ -0.010797461743438, 51.529149564607039 ], [ -0.010784421681847, 51.529134505592467 ], [ -0.010765427657564, 51.529107205449499 ], [ -0.01074789367932, 51.529079480442455 ], [ -0.010725341528044, 51.529034584244393 ], [ -0.010720146892842, 51.529021456764013 ], [ -0.010712987093868, 51.529003799657907 ], [ -0.010706410639092, 51.528989299819266 ], [ -0.01069981444533, 51.528975249257229 ], [ -0.010695320687431, 51.528962583268864 ], [ -0.010687773607791, 51.52893727580804 ], [ -0.010683980407939, 51.528925071307079 ], [ -0.01068080971642, 51.528915125612137 ], [ -0.010678320146204, 51.528906090687286 ], [ -0.010673904596936, 51.528891627479744 ], [ -0.010668788343654, 51.52887670278141 ], [ -0.010654238404845, 51.528830143683138 ], [ -0.010642256248216, 51.528790822290411 ], [ -0.010636032437727, 51.528768234928705 ], [ -0.010631695262926, 51.528751974601128 ], [ -0.010626618216141, 51.528736151244416 ], [ -0.010622143930466, 51.528723035970934 ], [ -0.010616949355975, 51.528709908485965 ], [ -0.010611054085123, 51.528696319412553 ], [ -0.010606599394886, 51.528682754858856 ], [ -0.010594304047641, 51.528650622326417 ], [ -0.010586522005758, 51.528630706408599 ], [ -0.010582067328267, 51.528617141853985 ], [ -0.010576250434042, 51.528601755563159 ], [ -0.010572241808175, 51.528594493425892 ], [ -0.010569615306122, 51.528588603652992 ], [ -0.010565606682357, 51.528581341515498 ], [ -0.010563621958877, 51.528577261167108 ], [ -0.010560936534637, 51.528572719327443 ], [ -0.010558912791889, 51.528569537540797 ], [ -0.010556928069472, 51.528565457192308 ], [ -0.010551557228304, 51.52855637341537 ], [ -0.010543305078425, 51.528547240788583 ], [ -0.010533048624388, 51.528534477091952 ], [ -0.01052082720276, 51.528517183768422 ], [ -0.010511874365868, 51.528507589648051 ], [ -0.010503681001704, 51.528497109082551 ], [ -0.010498290585511, 51.52848847468011 ], [ -0.010491498625652, 51.528478917096969 ], [ -0.010486711121195, 51.528472990683468 ], [ -0.010481203174498, 51.528467052055035 ], [ -0.010449091305537, 51.528426490027044 ], [ -0.010442240744769, 51.528418280477069 ], [ -0.010434689337153, 51.528409609334837 ], [ -0.010426417641636, 51.528400926076969 ], [ -0.010420209017923, 51.52839452585647 ], [ -0.01041472067783, 51.528388137945463 ], [ -0.010408472874488, 51.528382636380769 ], [ -0.010401543813586, 51.528376223944122 ], [ -0.010394595316843, 51.528370260886554 ], [ -0.010387666255366, 51.528363848546405 ], [ -0.010381398868813, 51.528358796259894 ], [ -0.01037443078756, 51.528353282480744 ], [ -0.010366761856056, 51.528347307206197 ], [ -0.010359073336739, 51.528341781210706 ], [ -0.010347219678292, 51.528332587503684 ], [ -0.010322013030637, 51.528315523595936 ], [ -0.010276465458675, 51.528285524968538 ], [ -0.010235181028377, 51.528256947544008 ], [ -0.010219025146471, 51.528247231260586 ], [ -0.010211238701043, 51.528243951750561 ], [ -0.010199870272625, 51.528240161888917 ], [ -0.010192103420986, 51.528236433098144 ], [ -0.010184317130974, 51.528233153686301 ], [ -0.010180093081985, 51.528230833805395 ], [ -0.010175849593714, 51.528228963303761 ], [ -0.01016810233734, 51.52822478523192 ], [ -0.010161055930288, 51.528221068655782 ], [ -0.010149143405506, 51.528213222862419 ], [ -0.010130826550631, 51.528203469922104 ], [ -0.010106884279401, 51.528190474107816 ], [ -0.010062562000699, 51.528165442194414 ], [ -0.0100337538216, 51.528148317147696 ], [ -0.009999320254389, 51.528127949217861 ], [ -0.009945928038167, 51.528096018879232 ], [ -0.009922725747755, 51.528082585964057 ], [ -0.009904467620655, 51.528071485050859 ], [ -0.009894637951241, 51.528065473099453 ], [ -0.009883387160536, 51.528058987433702 ], [ -0.009872077590362, 51.528053849605243 ], [ -0.00985095795798, 51.528042250541276 ], [ -0.009803735083092, 51.52801761894537 ], [ -0.009743781909061, 51.527987375780484 ], [ -0.009692276504853, 51.527961772279681 ], [ -0.009658426319454, 51.527944561619321 ], [ -0.009649958881106, 51.527940371199598 ], [ -0.009626658761324, 51.527929184818746 ], [ -0.00958572311517, 51.527909156088604 ], [ -0.009565926588928, 51.527900277183051 ], [ -0.009548232260945, 51.52789278296283 ], [ -0.00953055754443, 51.527884839266036 ], [ -0.009507879766732, 51.527875911574014 ], [ -0.009486642713618, 51.52786700821931 ], [ -0.009456898902618, 51.527854813178088 ], [ -0.009442007482766, 51.527849164935375 ], [ -0.009430678413318, 51.527844476344526 ], [ -0.009418609466131, 51.527840224910712 ], [ -0.009412944931251, 51.527837880662943 ], [ -0.009405839842289, 51.527835511977713 ], [ -0.009399455035573, 51.52783315541339 ], [ -0.00939234979203, 51.527830786724707 ], [ -0.009383843192159, 51.527827495039396 ], [ -0.009374616320583, 51.527824191037411 ], [ -0.009361866308704, 51.527819028723073 ], [ -0.009349875618646, 51.527812980065029 ], [ -0.009342809739038, 51.527809712720071 ], [ -0.009335724257041, 51.527806894751315 ], [ -0.009322273420667, 51.527801270931732 ], [ -0.009305319049448, 51.527793339518034 ], [ -0.009279157427097, 51.527781654813218 ], [ -0.00925936101291, 51.527772775856846 ], [ -0.00922543271796, 51.527757362288483 ], [ -0.009212682740736, 51.527752199958222 ], [ -0.00920139291848, 51.527746612787027 ], [ -0.009192886347348, 51.527743321088124 ], [ -0.009184399382187, 51.527739580012053 ], [ -0.009176691656096, 51.527734503222852 ], [ -0.009167543068504, 51.52772940198777 ], [ -0.009140739648723, 51.527715907818184 ], [ -0.009094997383612, 51.527690401827215 ], [ -0.009068252815927, 51.527675559706331 ], [ -0.009043610278953, 51.527662102177004 ], [ -0.00899296326847, 51.52763336544929 ], [ -0.008954968214077, 51.527612037455462 ], [ -0.008907163194296, 51.527584248232671 ], [ -0.00887903685836, 51.527568033688688 ], [ -0.008856555406241, 51.527554612789004 ], [ -0.008832653025495, 51.52754071816171 ], [ -0.008810210811755, 51.52752639859763 ], [ -0.008802483552589, 51.527521771160956 ], [ -0.008795496019515, 51.527516706566942 ], [ -0.008791331071762, 51.527513038802127 ], [ -0.008787146364546, 51.527509820313696 ], [ -0.008780918471263, 51.527503869385455 ], [ -0.008774710183804, 51.527497469177696 ], [ -0.008756687820561, 51.527480976447556 ], [ -0.008724088108987, 51.527451646529073 ], [ -0.008711710778578, 51.527437947451737 ], [ -0.008704081420501, 51.527431073415585 ], [ -0.008696471669578, 51.527423750099764 ], [ -0.008686759924267, 51.527415042277021 ], [ -0.008677788062352, 51.527405897300063 ], [ -0.008667355902074, 51.527397177152828 ], [ -0.00865766377709, 51.527388019951289 ], [ -0.008648691769904, 51.527378874969536 ], [ -0.008638980042539, 51.527370167142962 ], [ -0.008630669647171, 51.527362382320568 ], [ -0.008623079524177, 51.52735460972098 ], [ -0.008596766649681, 51.527329882769742 ], [ -0.008580787730438, 51.527316122556151 ], [ -0.008573898441852, 51.527308811458866 ], [ -0.00856977258566, 51.527304245125443 ], [ -0.008567768636379, 51.527300614026565 ], [ -0.008565823354019, 51.527295634990224 ], [ -0.008562555175834, 51.527287935734208 ], [ -0.008557905128533, 51.527278864093205 ], [ -0.008554014719677, 51.527268906120099 ], [ -0.008551388388455, 51.527263016204174 ], [ -0.008548781659875, 51.527256677106301 ], [ -0.008546954023016, 51.527249002297417 ], [ -0.0085463514011, 51.52724629420409 ], [ -0.00854119677086, 51.527232268073313 ], [ -0.008528981465742, 51.527198338021229 ], [ -0.008533030832765, 51.52719804709379 ], [ -0.008521807372573, 51.527167820924895 ], [ -0.008559977651098, 51.527161993940737 ], [ -0.008646880964345, 51.527152767443603 ], [ -0.008692440836243, 51.527122965434643 ], [ -0.008709351834765, 51.527118666039996 ], [ -0.008746768574505, 51.527106981058587 ], [ -0.008754264662424, 51.527103690998572 ], [ -0.008757407630895, 51.527101046466839 ], [ -0.008758887526815, 51.527100172356008 ], [ -0.008759647005147, 51.527099285922759 ], [ -0.008761205165711, 51.527096614595031 ], [ -0.008761964795665, 51.527095728261678 ], [ -0.008762783090406, 51.527093493893425 ], [ -0.00876354256431, 51.5270926075574 ], [ -0.008815370246487, 51.527077749735909 ], [ -0.008832951618568, 51.527071303600955 ], [ -0.008880477111824, 51.527055923136096 ], [ -0.008881937401128, 51.527055498302929 ], [ -0.008884098196724, 51.527055534968049 ], [ -0.008887018623498, 51.527054685201648 ], [ -0.009229981312358, 51.526926063139179 ], [ -0.009238801344217, 51.526922166072616 ], [ -0.009260802341461, 51.526913546600326 ], [ -0.009271783313833, 51.526909686191935 ], [ -0.009295185627579, 51.526901989710382 ], [ -0.009306867258696, 51.526898590797188 ], [ -0.009317828625222, 51.526895179663789 ], [ -0.009330210913156, 51.526892242343912 ], [ -0.009341872940982, 51.526889292706578 ], [ -0.009354255230176, 51.526886355286827 ], [ -0.009378980759586, 51.52688137910215 ], [ -0.009403666928024, 51.526877301565634 ], [ -0.009415990412959, 51.526875712074833 ], [ -0.009417450691993, 51.526875287234866 ], [ -0.009463064760885, 51.526870665379853 ], [ -0.009478249851511, 51.526869574036986 ], [ -0.009508580832884, 51.526868290001481 ], [ -0.009515783926859, 51.526868412187582 ], [ -0.009530949414845, 51.526867770214601 ], [ -0.009577048718135, 51.526868552180701 ], [ -0.00959215541744, 51.526869258038175 ], [ -0.010226306118202, 51.526916433492133 ], [ -0.010312094759234, 51.526922834094712 ], [ -0.010379054449008, 51.526927926292217 ], [ -0.010387530460543, 51.52692860958085 ], [ -0.010439235557652, 51.526933083345455 ], [ -0.010464367690119, 51.526935308004624 ], [ -0.010490279011982, 51.526936196936518 ], [ -0.010503964809113, 51.526936428973535 ], [ -0.010516949773639, 51.526936199514935 ], [ -0.010525632589104, 51.526935447405748 ], [ -0.01053361472737, 51.526934233804624 ], [ -0.010542317125033, 51.526933032511771 ], [ -0.010555380444675, 51.526931005735484 ], [ -0.010567042404613, 51.526928056072904 ], [ -0.010576563006305, 51.526924620395654 ], [ -0.010586843203911, 51.526920298274746 ], [ -0.010595721889108, 51.526915053168487 ], [ -0.01062760403702, 51.527010466835549 ], [ -0.010631827849109, 51.527012786599975 ], [ -0.010639535774745, 51.527017863297132 ], [ -0.010646503694514, 51.527023377060019 ], [ -0.010651952736346, 51.527030663617019 ], [ -0.01065452056111, 51.527037901327894 ], [ -0.010663703904148, 51.527058740227567 ], [ -0.010674288611723, 51.527080502204733 ], [ -0.010675474515403, 51.527086367554567 ], [ -0.010674519205671, 51.527091746992532 ], [ -0.010672142796691, 51.527096652629361 ], [ -0.010667605582958, 51.527101521731169 ], [ -0.010662387121848, 51.527105479962614 ], [ -0.010655708535971, 51.527109863149178 ], [ -0.010649069125388, 51.527113347678615 ], [ -0.010622707194008, 51.527122792700759 ], [ -0.010609467384713, 51.527128863096024 ], [ -0.010641833174758, 51.52716358415271 ], [ -0.010647012471768, 51.527160524481751 ], [ -0.010649952456458, 51.527159225488759 ], [ -0.010653612712745, 51.527157938609271 ], [ -0.010666774024813, 51.527153665325329 ], [ -0.010674055515298, 51.527151990224546 ], [ -0.010680577405931, 51.527151201566724 ], [ -0.010690661617879, 51.527151372523818 ], [ -0.010697026818247, 51.527154178200227 ], [ -0.010713182584024, 51.527163894516612 ], [ -0.010716509867978, 51.527170245779843 ], [ -0.010721841419839, 51.527180228109465 ], [ -0.010727212144819, 51.527189311879354 ], [ -0.010740094976411, 51.527207965331797 ], [ -0.010764032515317, 51.527237597451951 ], [ -0.010778978408191, 51.527258534029478 ], [ -0.010778140620528, 51.527261217692455 ], [ -0.010778802130414, 51.527262577839089 ], [ -0.010778606271826, 51.52726707083113 ], [ -0.010776989303634, 51.527271090120593 ], [ -0.010774632632459, 51.527275546579553 ], [ -0.010770114844842, 51.527279966305464 ], [ -0.010761975963483, 51.527284774354584 ], [ -0.010772290977334, 51.527296190095086 ], [ -0.010818573386032, 51.527342387894564 ], [ -0.0108229540786, 51.527341113222427 ], [ -0.01082873613825, 51.527340761626547 ], [ -0.010838100121229, 51.527340920361567 ], [ -0.010846003979074, 51.527341503956194 ], [ -0.010852388798635, 51.5273438603447 ], [ -0.010853809755173, 51.527344334043775 ], [ -0.01085943513219, 51.527347576879059 ], [ -0.010863580800338, 51.527351693854435 ], [ -0.010877477774553, 51.527363620013567 ], [ -0.010907177958566, 51.527393349786699 ], [ -0.01094661008695, 51.527431337916035 ], [ -0.010970141100053, 51.527453768923415 ], [ -0.010983298123644, 51.527466132041326 ], [ -0.010988164081054, 51.52747026131857 ], [ -0.010993010460451, 51.527474839778144 ], [ -0.01103098243591, 51.527513252836776 ], [ -0.011033025910408, 51.527515985241237 ], [ -0.011034348955991, 51.527518705434446 ], [ -0.011035554652753, 51.52752412150366 ], [ -0.011035417565066, 51.527527266656797 ], [ -0.011034579630768, 51.527529950318936 ], [ -0.011032183804598, 51.527535305342603 ], [ -0.011029905327232, 51.527537964490229 ], [ -0.011027646432436, 51.527540174358023 ], [ -0.011021688090785, 51.52754456977344 ], [ -0.011018008230979, 51.527546305943943 ], [ -0.011040079047653, 51.527569161797608 ], [ -0.011064271539243, 51.527592952929339 ], [ -0.011080333929365, 51.527588279159211 ], [ -0.011083974625603, 51.52758744154638 ], [ -0.011090457405942, 51.527587551425967 ], [ -0.011093319072508, 51.527588049638631 ], [ -0.011101845334611, 51.52759089192098 ], [ -0.011103947562902, 51.527592276484832 ], [ -0.011105309778854, 51.527594098117667 ], [ -0.011118427864161, 51.527607359880406 ], [ -0.011161207296829, 51.527651249912218 ], [ -0.011224033870762, 51.52771481406765 ], [ -0.011262025961, 51.527752777776698 ], [ -0.011276525946074, 51.527767411776274 ], [ -0.011251369490117, 51.527782273100385 ], [ -0.011283794782808, 51.527815646046221 ], [ -0.011339751519087, 51.527871449821738 ], [ -0.011342671950012, 51.527870600091646 ], [ -0.011368446740301, 51.527874633988318 ], [ -0.011390639408583, 51.527878157562093 ], [ -0.011394104053486, 51.527881363655851 ], [ -0.011414033792424, 51.527903733539567 ], [ -0.011444920823222, 51.52793932852623 ], [ -0.011466349907337, 51.527960374973965 ], [ -0.011479389874798, 51.527975433914435 ], [ -0.011482834793753, 51.527979089380167 ], [ -0.011484799994737, 51.527983618993815 ], [ -0.011485324479018, 51.527988124193072 ], [ -0.011484427976662, 51.527992155797989 ], [ -0.011483629376625, 51.527993940808891 ], [ -0.011480552301343, 51.527998384976037 ], [ -0.011476073665697, 51.528001906168832 ], [ -0.011473853926505, 51.528003217485299 ], [ -0.011466494166573, 51.528006689853889 ], [ -0.011458472710077, 51.528008802076435 ], [ -0.011443909671148, 51.52801215237502 ], [ -0.011442390788294, 51.528013925179501 ], [ -0.011480285240244, 51.528054135216955 ], [ -0.011501448611619, 51.528048198994931 ], [ -0.011509489651597, 51.528045637489647 ], [ -0.011512410094715, 51.528044787658125 ], [ -0.011519652533949, 51.528044011163232 ], [ -0.01152685566016, 51.528044133225009 ], [ -0.011537562609707, 51.528046562816222 ], [ -0.011543207699605, 51.52804935624247 ], [ -0.01154530980517, 51.528050740795997 ], [ -0.011551597016583, 51.528055343646869 ], [ -0.011556423771511, 51.528060371458437 ], [ -0.011568140547478, 51.528072710199176 ], [ -0.011594298931882, 51.528101030839949 ], [ -0.011613547733541, 51.52812248982859 ], [ -0.011608383837933, 51.528141736698494 ], [ -0.011604410273018, 51.528150212377334 ], [ -0.011600049102753, 51.528151037798025 ], [ -0.011567865609401, 51.528161733319735 ], [ -0.011593965147674, 51.528191401895008 ], [ -0.01162688867284, 51.528180269294118 ], [ -0.011652683239313, 51.528183853752878 ], [ -0.011676336375682, 51.528186952406607 ], [ -0.011685211080712, 51.528198343657301 ], [ -0.011706483924901, 51.528222984401829 ], [ -0.011720925451355, 51.528238966382567 ], [ -0.011729780600061, 51.528250806909931 ], [ -0.011730305110018, 51.528255312108151 ], [ -0.011730011443612, 51.52826205169616 ], [ -0.011726738593755, 51.52827098896072 ], [ -0.011724342649798, 51.528276343995671 ], [ -0.011721226420128, 51.528281686826091 ], [ -0.011718791477427, 51.528287940423382 ], [ -0.011715655669549, 51.528293732533548 ], [ -0.011710300113892, 51.528300835964423 ], [ -0.011704263424898, 51.5283070286306 ], [ -0.011696046148732, 51.528313633862567 ], [ -0.011687128157381, 51.528319777706642 ], [ -0.011678327635198, 51.52832322567599 ], [ -0.011809195230646, 51.528396935106898 ], [ -0.011815815164901, 51.528393899793407 ], [ -0.011823836672087, 51.528391787547072 ], [ -0.011831079008469, 51.528391010933532 ], [ -0.011839002631852, 51.528391145183122 ], [ -0.011846887099838, 51.528392178089376 ], [ -0.011853291687313, 51.528394085144967 ], [ -0.011858897682124, 51.528397777213684 ], [ -0.011864464526929, 51.528402367842034 ], [ -0.01186864936883, 51.528405586220458 ], [ -0.011872153079167, 51.52840789373802 ], [ -0.011899129995907, 51.528433980019543 ], [ -0.011923362667443, 51.528456872325144 ], [ -0.011984848465618, 51.528518165179875 ], [ -0.011999485930241, 51.528529654035857 ], [ -0.012002911510984, 51.528533758769441 ], [ -0.012007076799701, 51.528537426423043 ], [ -0.012009860237341, 51.52853972173385 ], [ -0.012011923381758, 51.528542004939148 ], [ -0.012016108250236, 51.52854522321519 ], [ -0.012020273696968, 51.528548890870994 ], [ -0.012023057131669, 51.528551186278769 ], [ -0.012025820996861, 51.528553930869172 ], [ -0.012043378944601, 51.528564569973049 ], [ -0.01208678647614, 51.528594081940284 ], [ -0.012133736943031, 51.528625002939101 ], [ -0.012197427494594, 51.528668797201952 ], [ -0.012272388857729, 51.528718627590294 ], [ -0.01229434177332, 51.528734287121772 ], [ -0.012352780304856, 51.528776193789959 ], [ -0.012393404752358, 51.528803410343748 ], [ -0.012426262114031, 51.528826898335872 ], [ -0.012436773577481, 51.528833820842188 ], [ -0.012446545175585, 51.528841180524829 ], [ -0.012461922716645, 51.528852232244688 ], [ -0.0124667693749, 51.528856810742532 ], [ -0.012472336332629, 51.528861401342823 ], [ -0.012477864147365, 51.52886689060032 ], [ -0.012523139553348, 51.528903178600267 ], [ -0.012581068159506, 51.528946875154979 ], [ -0.012663543143546, 51.529006274868223 ], [ -0.012743720305105, 51.529068783082941 ], [ -0.012791777191193, 51.529104443662668 ]]]]"""
Union_Bridge,Union Bridge,"""1302098156,1302098157,1302098158,1302098159,1302098160""","""[ -0.023813515947831, 51.542185394049703 ]""",16,"""<h3>Union Bridge</h3>
        <strong>Scheme Name</strong><br>
        Union Bridge (TSVC Building)<br><br>

        <strong>Site Location</strong><br>
        Land bounded by Hepscott Road and Rothbury Road, TSVC Building, London, E9 5HH<br><br>

        <strong>Accommodation Schedule</strong><br>
        <table border = 1>
          <tr style=""text-align: left;"">
            <th>Total</th> 
            <th>145</th>
          </tr>
          <tr>
            <td>Private</td>
            <td>122</td>
          </tr>
          <tr>
            <td>Affordable</td>
            <td>0</td>
          </tr>
          <tr>
            <td>LAR</td>
            <td>15</td>
          </tr>
          <tr>
            <td>Social</td>
            <td>0</td>
          </tr>
          <tr>
            <td>Intermediate/ Shared Ownership</td>
            <td>8</td>
          </tr>
        </table>
        <br>

        <strong>Planning Application</strong><br>
        17/00222/FUL<br>
        PA/17/01752<br><br>

        <strong>Permission Date</strong><br>
        29-Oct-19<br><br>

        <strong>Construction Start</strong><br>
        Aug-22<br><br>

        <strong>Scheme Progress</strong><br>
        <ul>
          <li>Construction was put on hold during Q4 2022.</li>
          <li>Two planning amendments approved in 2024: reducing top floor height and affordable housing.</li>
          <li>Signs of remobilisation on site at the end of Q4 2024.</li>
          <li>Taylor Wimpey launched the scheme in Sep 2022.</li>
          <li>The site was bought by Taylor Wimpey in Sep 2020.</li>
        </ul>""","""[[[[ -0.02456082065814, 51.54235974166901 ], [ -0.024265923254352, 51.54242275663249 ], [ -0.024180021591215, 51.542441545009758 ], [ -0.024126615817579, 51.542452921514482 ], [ -0.024091958299041, 51.542460296953834 ], [ -0.02405189929793, 51.542469514889127 ], [ -0.024039533042086, 51.542472004683781 ], [ -0.024022083904354, 51.542475308176712 ], [ -0.024005374904687, 51.54247817450873 ], [ -0.023957467701124, 51.542485461811246 ], [ -0.023947301930804, 51.542487089301389 ], [ -0.023920446619678, 51.54249113372861 ], [ -0.023916084407478, 51.542491959647556 ], [ -0.023891468518349, 51.542494243205333 ], [ -0.023884224068329, 51.542495020623321 ], [ -0.023876258946003, 51.542495785816605 ], [ -0.023859647263989, 51.542496405608127 ], [ -0.023853142647599, 51.542496745764304 ], [ -0.023830805427492, 51.542496369884162 ], [ -0.023823619223263, 51.542495799345225 ], [ -0.023816413708879, 51.542495678092905 ], [ -0.023794173670896, 51.542493055683792 ], [ -0.023772615378154, 51.542491343966972 ], [ -0.023706635434549, 51.542483039448825 ], [ -0.023649458130499, 51.542471285944274 ], [ -0.02360012900588, 51.542461463039054 ], [ -0.023517965819719, 51.542443893329448 ], [ -0.023499113955668, 51.542379727831573 ], [ -0.02348565660612, 51.542340832660777 ], [ -0.023478003086973, 51.542317772369572 ], [ -0.023451494422901, 51.54232047368771 ], [ -0.023383123549407, 51.542327416332675 ], [ -0.023363185066331, 51.542329589724396 ], [ -0.023363047577017, 51.54232910177474 ], [ -0.023005990141065, 51.542367191714469 ], [ -0.023004987624642, 51.542367363619974 ], [ -0.022982942606677, 51.542293701943109 ], [ -0.022936457789963, 51.54213509722166 ], [ -0.022928220347473, 51.542108879709076 ], [ -0.023031726831895, 51.542083194464652 ], [ -0.023162166242619, 51.542051667553721 ], [ -0.023412800949286, 51.541992038163556 ], [ -0.023675119581675, 51.541929007690655 ], [ -0.023929453016717, 51.541867191205377 ], [ -0.024163357370326, 51.54181087570197 ], [ -0.024250915621435, 51.541903624808413 ], [ -0.024333021391027, 51.541989087943151 ], [ -0.024436393874676, 51.54209963866677 ], [ -0.024530925402075, 51.542197900416063 ], [ -0.024627541367127, 51.542297995902459 ], [ -0.024601447365411, 51.542351063627983 ], [ -0.02456082065814, 51.54235974166901 ]]]]"""
Glacier_Point,Glacier Point,"""273717900,273717902,1302216203245615,273717906,273717905,273717904,273717901,273717900,273717902,273717909,809223139,487960648""","""[ -0.05814370589776, 51.531967241964622 ]""",16,"""<h3>Glacier Point</h3>
        <strong>Scheme Name</strong><br>
        Glacier Point, Peterly Business Centre<br><br>

        <strong>Site Location</strong><br>
        Peterley Business Centre, 472 Hackney Road, London<br><br>

        <strong>Accommodation Schedule</strong><br>
        <table border = 1>
          <tr style=""text-align: left;"">
            <th>Total</th>
            <th>218</th>
          </tr>
          <tr>
            <td>Private</td>
            <td>167</td>
          </tr>
          <tr>
            <td>Affordable</td>
            <td>33</td>
          </tr>
          <tr>
            <td>LAR</td>
            <td>0</td>
          </tr>
          <tr>
            <td>Social</td>
            <td>0</td>
          </tr>
          <tr>
            <td>Intermediate/ Shared Ownership</td>
            <td>18</td>
          </tr>
        </table>
        <br>
      
        <strong>Planning Application</strong><br>
        PA/13/02722<br><br>

        <strong>Permission Date</strong><br>
        31-Mar-15<br><br>

        <strong>Construction Start</strong><br>
        Aug-15<br><br>

        <strong>Scheme Progress</strong><br>
        <ul>
          <li>Phase 1 was 55 units, sold out during Q1 2018, completed during Q3 2017.</li>
          <li>The site for the remaining 167 units in Phase 2 remains partly in use as a shabby industrial estate.</li>
          <li>No further action on planning or construction fronts since Phase 1 sold out.</li>
          <li>Possibly the design is now so old that the next step would be a total re-plan.</li>
          <li>The affordable tenures are 33 affordable rent and 17 shared ownership.</li>
        </ul>""","""[[[[ -0.058320810275721, 51.532331873247486 ], [ -0.057895908502083, 51.532410485083396 ], [ -0.057871831292785, 51.532348820086789 ], [ -0.057848245554608, 51.532295930945011 ], [ -0.057829681103647, 51.53225785468036 ], [ -0.057839123022776, 51.532256212676103 ], [ -0.057828457527737, 51.532235802762926 ], [ -0.057838638952897, 51.532233723414549 ], [ -0.057825761323357, 51.532197540007438 ], [ -0.057802804691673, 51.532144103711495 ], [ -0.057780530060474, 51.532091578015496 ], [ -0.057756929537487, 51.532036332534631 ], [ -0.057734636029579, 51.531984256118143 ], [ -0.057711660468988, 51.531931269091494 ], [ -0.057699975009425, 51.531900950541626 ], [ -0.057704354962244, 51.531899674242005 ], [ -0.057684445554517, 51.531859327555225 ], [ -0.057686645094082, 51.531858464812196 ], [ -0.057671134798492, 51.531816392540094 ], [ -0.057615564106261, 51.531682382344883 ], [ -0.057525390892707, 51.531463718560509 ], [ -0.057540672440804, 51.531460374882009 ], [ -0.057657812256465, 51.531418253406599 ], [ -0.057664882277498, 51.531421517908576 ], [ -0.057677600873689, 51.531427573942452 ], [ -0.057689541555222, 51.531434965787213 ], [ -0.057702221735344, 51.531441920384566 ], [ -0.057717368335129, 51.531452243089369 ], [ -0.057890490776337, 51.531395636112379 ], [ -0.058019899557147, 51.531357926135918 ], [ -0.058084703836808, 51.53147082199466 ], [ -0.057952452913933, 51.531485877712619 ], [ -0.057971999016685, 51.531519518903622 ], [ -0.057914994158644, 51.531537008745907 ], [ -0.057868539830742, 51.531552892938656 ], [ -0.057946281946498, 51.531703600911911 ], [ -0.057998329404459, 51.531734138780685 ], [ -0.058181108645088, 51.531775835684968 ], [ -0.058245766890598, 51.531798039611552 ], [ -0.058328416144117, 51.531820991130353 ], [ -0.058423274322415, 51.531845044289085 ], [ -0.058470948797258, 51.531859772563173 ], [ -0.058571704154764, 51.531880775910196 ], [ -0.058719700879298, 51.531909755757546 ], [ -0.05876333998714, 51.531917672744179 ], [ -0.058789587471853, 51.531995443122945 ], [ -0.058792124885566, 51.532003578472697 ], [ -0.058841266700041, 51.532153218452471 ], [ -0.058875020494151, 51.532239934814065 ], [ -0.058320810275721, 51.532331873247486 ]]]]"""
South_Quay_Plaza,South Quay Plaza Phases 1-3,"""37922065,362219033,142296671,977629881,977629880""","""[ -0.017050615615276, 51.500838375989247 ]""",16,"""<h3>South Quay Plaza</h3>
        <strong>Scheme Name</strong><br>
        South Quay Plaza Phases 1-3 - Valiant/Berwick<br><br>

        <strong>Site Location</strong><br>
        South Quay Plaza, 183-189 Marsh Wall, London<br><br>

        <strong>Accommodation Schedule</strong><br>
        <table border = 1>
          <tr style=""text-align: left;"">
            <th>Total</th>
            <th>940</th>
          </tr>
          <tr>
            <td>Private</td>
            <td>738</td>
          </tr>
          <tr>
            <td>Affordable</td>
            <td>0</td>
          </tr>
          <tr>
            <td>LAR</td>
            <td>0</td>
          </tr>
          <tr>
            <td>Social</td>
            <td>119</td>
          </tr>
          <tr>
            <td>Intermediate/ Shared Ownership</td>
            <td>83</td>
          </tr>
        </table>
        <br>

        <strong>Planning Application</strong><br>
        PA/21/02721<br><br>

        <strong>Permission Date</strong><br>
        19-Mar-24<br><br>

        <strong>Construction Start</strong><br>
        Jan-16<br><br>

        <strong>Scheme Progress</strong><br>
        <ul>
          <li>SQP1 (Valiant Tower) completed during Q2 2022 and sold out during Q4 2022.</li>
          <li>Application PA/21/02721 granted on 19/03/2024 for SQP2 (Berwick), increasing units to 182 private.</li>
          <li>SQP3 is not residential.</li>
          <li>SQP4 (Harcourt) has separate permission for 347 units.</li>
          <li>Affordable tenures include 119 Social Rent and 83 Shared Ownership.</li>
        </ul>""","""[[[[ -0.016982545466275, 51.501332484286138 ], [ -0.016976681335543, 51.501331818514991 ], [ -0.016941812212024, 51.501327847234705 ], [ -0.016163482563678, 51.501239216096856 ], [ -0.016177593924943, 51.501173778825923 ], [ -0.016424972550363, 51.500237415715148 ], [ -0.017849875817143, 51.500395217459705 ], [ -0.017734129439324, 51.500810759658997 ], [ -0.017896806648423, 51.500958927968682 ], [ -0.017752833966916, 51.501418563805238 ], [ -0.017760233451503, 51.50142103609668 ], [ -0.016982545466275, 51.501332484286138 ]]]]"""
Spire_London,Spire London,"""""","""[ -0.024627229443507, 51.5071645377773 ]""",16,"""<h3>Spire London</h3>
        <strong>Scheme Name</strong><br>
        Spire London (Hertsmere House / Columbus Tower)<br><br>

        <strong>Site Location</strong><br>
        Hertsmere House, 2 Hertsmere Road, London<br><br>

        <strong>Accommodation Schedule</strong><br>
        <table border = 1>
          <tr style=""text-align: left;"">
            <th>Total</th>
            <th>861</th>
          </tr>
          <tr>
            <td>Private</td>
            <td>765</td>
          </tr>
          <tr>
            <td>Affordable</td>
            <td>96</td>
          </tr>
          <tr>
            <td>LAR</td>
            <td>0</td>
          </tr>
          <tr>
            <td>Social</td>
            <td>0</td>
          </tr>
          <tr>
            <td>Intermediate/ Shared Ownership</td>
            <td>0</td>
          </tr>
        </table>
        <br>

        <strong>Planning Application</strong><br>
        PA/15/02675<br><br>

        <strong>Permission Date</strong><br>
        24-Mar-16<br><br>

        <strong>Construction Start</strong><br>
        Feb-17<br><br>

        <strong>Scheme Progress</strong><br>
        <ul>
          <li>Marketing and construction have been on hold since Q1 2018.</li>
          <li>An attempt to reduce onsite affordable housing was refused on 30/09/2022.</li>
          <li>Vegetation was cleared during Q4 2021, but no recent movement on sales or construction fronts.</li>
          <li>At the end of Q3 2019, there was no activity on site.</li>
          <li>Construction and sales have been on hold since Q1 2018.</li>
        </ul>""","""[[[[ -0.024883085691098, 51.507313856783561 ], [ -0.024861906060692, 51.507390686318566 ], [ -0.024856597465063, 51.507390147267074 ], [ -0.024231281526606, 51.507321157359321 ], [ -0.024348167031545, 51.506934632171401 ], [ -0.024368949712906, 51.506937230592477 ], [ -0.02439749670041, 51.506940229636797 ], [ -0.024436376700657, 51.506944212168584 ], [ -0.024971376089842, 51.507002237337993 ], [ -0.024933960220826, 51.507134252726445 ], [ -0.02503361268183, 51.507145823687367 ], [ -0.025063736057002, 51.507149028941505 ], [ -0.0250888193788, 51.507152149290945 ], [ -0.025060840208963, 51.507249251247941 ], [ -0.025059186403855, 51.507254169530484 ], [ -0.025025190421924, 51.507250539289942 ], [ -0.025002539504215, 51.507247819563254 ], [ -0.024904287864872, 51.507237171530882 ], [ -0.024883085691098, 51.507313856783561 ]]]]"""
heartLBTH,heartLBTH,"""790885940""","""[ -0.06007724749019, 51.518713633332702 ]""",16,"""<h3>LBTH</h3>""","""[[[[ -0.060195936467396, 51.518849980108222 ], [ -0.060190656733854, 51.518859503472342 ], [ -0.060185211754693, 51.518868933331966 ], [ -0.060179603185368, 51.518878266820096 ], [ -0.060173832731068, 51.518887501099037 ], [ -0.0601679021462, 51.51889663336128 ], [ -0.06016181323386, 51.518905660830306 ], [ -0.060155567845277, 51.518914580761468 ], [ -0.060149167879255, 51.518923390442815 ], [ -0.060142615281595, 51.518932087195914 ], [ -0.060135912044503, 51.518940668376658 ], [ -0.060129060205983, 51.51894913137609 ], [ -0.060122061849222, 51.518957473621185 ], [ -0.06011491910195, 51.518965692575613 ], [ -0.060107634135798, 51.518973785740549 ], [ -0.060100209165636, 51.518981750655399 ], [ -0.0600926464489, 51.51898958489857 ], [ -0.060084948284906, 51.518997286088194 ], [ -0.060077117014148, 51.519004851882855 ], [ -0.060069155017592, 51.519012279982299 ], [ -0.060061064715948, 51.519019568128144 ], [ -0.060052848568933, 51.519026714104548 ], [ -0.060044509074528, 51.519033715738892 ], [ -0.060036048768214, 51.519040570902469 ], [ -0.060027470222203, 51.519047277511063 ], [ -0.060018776044657, 51.519053833525653 ], [ -0.060009968878891, 51.519060236952988 ], [ -0.060001051402575, 51.519066485846224 ], [ -0.059992026326916, 51.51907257830549 ], [ -0.059982896395835, 51.519078512478465 ], [ -0.059973664385131, 51.519084286560982 ], [ -0.059964333101641, 51.519089898797517 ], [ -0.059954905382383, 51.519095347481773 ], [ -0.059945384093694, 51.519100630957162 ], [ -0.059935772130359, 51.519105747617338 ], [ -0.059926072414734, 51.519110695906669 ], [ -0.059916287895851, 51.519115474320706 ], [ -0.059906421548528, 51.519120081406662 ], [ -0.059896476372458, 51.519124515763828 ], [ -0.059886455391304, 51.519128776044006 ], [ -0.059876361651774, 51.519132860951942 ], [ -0.059866198222699, 51.519136769245677 ], [ -0.059855968194095, 51.51914049973697 ], [ -0.05984567467623, 51.519144051291626 ], [ -0.059835320798672, 51.519147422829853 ], [ -0.059824909709341, 51.519150613326595 ], [ -0.059814444573552, 51.519153621811832 ], [ -0.059803928573052, 51.519156447370889 ], [ -0.059793364905052, 51.519159089144701 ], [ -0.059782756781254, 51.519161546330089 ], [ -0.059772107426879, 51.519163818179969 ], [ -0.059761420079682, 51.519165904003643 ], [ -0.059750697988968, 51.519167803166944 ], [ -0.059739944414608, 51.519169515092464 ], [ -0.059729162626042, 51.519171039259717 ], [ -0.059718355901289, 51.519172375205315 ], [ -0.059707527525952, 51.519173522523083 ], [ -0.059696680792212, 51.519174480864194 ], [ -0.059685818997834, 51.519175249937284 ], [ -0.059674945445164, 51.519175829508526 ], [ -0.059664063440118, 51.519176219401714 ], [ -0.059653176291187, 51.519176419498315 ], [ -0.059642287308421, 51.519176429737485 ], [ -0.059631399802432, 51.519176250116104 ], [ -0.059620517083379, 51.519175880688799 ], [ -0.05960964245997, 51.519175321567879 ], [ -0.059598779238447, 51.519174572923333 ], [ -0.059587930721589, 51.519173634982778 ], [ -0.059577100207702, 51.519172508031374 ], [ -0.05956629098962, 51.519171192411761 ], [ -0.059555506353702, 51.519169688523924 ], [ -0.059544749578834, 51.51916799682509 ], [ -0.059534023935428, 51.519166117829606 ], [ -0.059523332684436, 51.519164052108728 ], [ -0.059512679076349, 51.519161800290526 ], [ -0.059502066350216, 51.519159363059607 ], [ -0.059491497732657, 51.519156741156976 ], [ -0.059480976436878, 51.519153935379791 ], [ -0.059470505661702, 51.519150946581078 ], [ -0.059460088590589, 51.519147775669552 ], [ -0.059449728390672, 51.519144423609255 ], [ -0.059439428211795, 51.51914089141934 ], [ -0.059429191185551, 51.519137180173701 ], [ -0.059419020424333, 51.519133291000685 ], [ -0.05940891902039, 51.519129225082722 ], [ -0.05939889004488, 51.519124983655992 ], [ -0.059388936546944, 51.519120568010017 ], [ -0.059379061552772, 51.51911597948731 ], [ -0.05936926806469, 51.519111219482937 ], [ -0.059359559060239, 51.519106289444082 ], [ -0.059349937491279, 51.519101190869648 ], [ -0.059340406283083, 51.51909592530977 ], [ -0.059330968333453, 51.519090494365351 ], [ -0.059321626511837, 51.519084899687577 ], [ -0.059312383658457, 51.519079142977411 ], [ -0.059303242583446, 51.519073225985089 ], [ -0.059294206065991, 51.519067150509571 ], [ -0.059285276853492, 51.519060918397997 ], [ -0.059276457660724, 51.519054531545137 ], [ -0.059267751169013, 51.519047991892805 ], [ -0.059259160025419, 51.519041301429276 ], [ -0.059250686841934, 51.519034462188664 ], [ -0.059242334194684, 51.519027476250329 ], [ -0.059234104623151, 51.519020345738227 ], [ -0.059226000629394, 51.519013072820265 ], [ -0.059218024677297, 51.519005659707645 ], [ -0.05921017919181, 51.518998108654209 ], [ -0.059202466558221, 51.518990421955721 ], [ -0.059194889121425, 51.518982601949197 ], [ -0.059187449185212, 51.518974651012165 ], [ -0.059180149011569, 51.518966571561982 ], [ -0.059172990819988, 51.51895836605506 ], [ -0.059165976786797, 51.518950036986148 ], [ -0.059159109044493, 51.518941586887564 ], [ -0.059152389681096, 51.518933018328404 ], [ -0.059145820739514, 51.518924333913802 ], [ -0.059139404216922, 51.518915536284098 ], [ -0.059133142064154, 51.518906628114074 ], [ -0.059127036185113, 51.518897612112099 ], [ -0.059121088436185, 51.518888491019332 ], [ -0.059115300625684, 51.518879267608895 ], [ -0.059109674513294, 51.518869944685001 ], [ -0.05910421180954, 51.518860525082133 ], [ -0.059098914175263, 51.518851011664161 ], [ -0.059093783221119, 51.518841407323471 ], [ -0.059114780530962, 51.518811456031997 ], [ -0.059136287500694, 51.518781868583069 ], [ -0.059158297826998, 51.518752653648235 ], [ -0.059180805059036, 51.518723819789884 ], [ -0.059203802600332, 51.518695375458712 ], [ -0.059227283710711, 51.518667328991256 ], [ -0.059251241508272, 51.518639688607443 ], [ -0.059275668971405, 51.518612462408186 ], [ -0.05930055894085, 51.518585658372992 ], [ -0.059325904121794, 51.518559284357671 ], [ -0.059351697086009, 51.518533348091971 ], [ -0.059377930274032, 51.518507857177362 ], [ -0.059404595997374, 51.518482819084788 ], [ -0.059431686440781, 51.518458241152459 ], [ -0.059459193664521, 51.518434130583749 ], [ -0.059487109606708, 51.518410494445035 ], [ -0.05951542608567, 51.518387339663661 ], [ -0.059544134802345, 51.518364673025886 ], [ -0.059573227342712, 51.518342501174892 ], [ -0.059602695180258, 51.518320830608872 ], [ -0.059632529678479, 51.518299667679081 ], [ -0.059662722093406, 51.518279018588004 ], [ -0.059693263576172, 51.518258889387532 ], [ -0.059724145175607, 51.518239285977167 ], [ -0.059755357840854, 51.518220214102342 ], [ -0.059786892424031, 51.518201679352671 ], [ -0.059818739682905, 51.518183687160374 ], [ -0.059850890283604, 51.51816624279865 ], [ -0.059883334803351, 51.518149351380124 ], [ -0.059916063733227, 51.518133017855384 ], [ -0.059949067480958, 51.518117247011489 ], [ -0.059982336373726, 51.518102043470606 ], [ -0.060015860661001, 51.518087411688619 ], [ -0.060049630517405, 51.518073355953852 ], [ -0.060083636045584, 51.518059880385792 ], [ -0.060117867279118, 51.518046988933889 ], [ -0.060139932154124, 51.51805239439993 ], [ -0.060161900826991, 51.518058178445635 ], [ -0.060183766802722, 51.518064339360947 ], [ -0.060205523616684, 51.518070875324412 ], [ -0.060227164836515, 51.518077784403687 ], [ -0.060248684064031, 51.518085064556111 ], [ -0.060270074937113, 51.518092713629322 ], [ -0.060291331131591, 51.518100729361883 ], [ -0.06031244636311, 51.518109109383964 ], [ -0.060333414388994, 51.518117851218022 ], [ -0.060354229010085, 51.518126952279559 ], [ -0.06037488407258, 51.518136409877854 ], [ -0.06039537346985, 51.518146221216789 ], [ -0.060415691144243, 51.518156383395663 ], [ -0.060435831088877, 51.518166893410047 ], [ -0.060455787349417, 51.518177748152674 ], [ -0.060475554025833, 51.518188944414355 ], [ -0.060495125274143, 51.518200478884943 ], [ -0.060514495308147, 51.518212348154293 ], [ -0.060533658401129, 51.518224548713277 ], [ -0.06055260888756, 51.518237076954826 ], [ -0.060571341164762, 51.518249929174985 ], [ -0.060589849694575, 51.518263101574021 ], [ -0.060608129004987, 51.518276590257535 ], [ -0.060626173691754, 51.518290391237635 ], [ -0.06064397842, 51.518304500434077 ], [ -0.06066153792579, 51.518318913675515 ], [ -0.06067884701769, 51.518333626700688 ], [ -0.060695900578301, 51.518348635159725 ], [ -0.060712693565769, 51.518363934615401 ], [ -0.06072922101528, 51.518379520544471 ], [ -0.060745478040525, 51.518395388338973 ], [ -0.060761459835146, 51.518411533307628 ], [ -0.060777161674155, 51.518427950677207 ], [ -0.060792578915334, 51.518444635593944 ], [ -0.060807707000605, 51.518461583124981 ], [ -0.060822541457378, 51.518478788259813 ], [ -0.060837077899874, 51.518496245911763 ], [ -0.060851312030423, 51.518513950919527 ], [ -0.06086523964073, 51.518531898048636 ], [ -0.060878856613124, 51.518550081993062 ], [ -0.060892158921773, 51.518568497376762 ], [ -0.060905142633876, 51.518587138755258 ], [ -0.060917803910822, 51.518606000617261 ], [ -0.060930139009329, 51.518625077386304 ], [ -0.060942144282548, 51.518644363422368 ], [ -0.060953816181144, 51.518663853023583 ], [ -0.060965151254343, 51.518683540427872 ], [ -0.06097614615095, 51.518703419814706 ], [ -0.060986797620347, 51.518723485306772 ], [ -0.060997102513447, 51.51874373097175 ], [ -0.061007057783627, 51.518764150824047 ], [ -0.06101666048763, 51.518784738826575 ], [ -0.061025907786437, 51.518805488892525 ], [ -0.061034796946101, 51.518826394887185 ], [ -0.061043325338558, 51.518847450629728 ], [ -0.061051490442405, 51.518868649895083 ], [ -0.061059289843646, 51.518889986415708 ], [ -0.061057221991495, 51.518897534383598 ], [ -0.061055023181186, 51.518905045246733 ], [ -0.061052694077835, 51.518912516733153 ], [ -0.06105023538597, 51.518919946582827 ], [ -0.06104764784932, 51.518927332548287 ], [ -0.061044932250585, 51.518934672395382 ], [ -0.061042089411204, 51.51894196390387 ], [ -0.061039120191106, 51.518949204868157 ], [ -0.061036025488448, 51.518956393097923 ], [ -0.061032806239343, 51.518963526418823 ], [ -0.061029463417578, 51.518970602673086 ], [ -0.061025998034322, 51.518977619720239 ], [ -0.061022411137815, 51.518984575437685 ], [ -0.061018703813054, 51.518991467721406 ], [ -0.061014877181464, 51.518998294486558 ], [ -0.06101093240056, 51.519005053668124 ], [ -0.061006870663595, 51.519011743221519 ], [ -0.0610026931992, 51.51901836112323 ], [ -0.060998401271013, 51.519024905371403 ], [ -0.060993996177295, 51.519031373986493 ], [ -0.06098947925054, 51.519037765011795 ], [ -0.060984851857067, 51.519044076514113 ], [ -0.060980115396614, 51.519050306584269 ], [ -0.060975271301909, 51.51905645333774 ], [ -0.060970321038236, 51.519062514915205 ], [ -0.060965266102997, 51.519068489483104 ], [ -0.060960108025255, 51.519074375234183 ], [ -0.060954848365272, 51.519080170388079 ], [ -0.060949488714037, 51.519085873191813 ], [ -0.060944030692788, 51.519091481920348 ], [ -0.060938475952516, 51.519096994877117 ], [ -0.06093282617347, 51.519102410394495 ], [ -0.060927083064646, 51.519107726834363 ], [ -0.060921248363271, 51.519112942588542 ], [ -0.060915323834281, 51.519118056079328 ], [ -0.060909311269779, 51.519123065759949 ], [ -0.060903212488502, 51.519127970115022 ], [ -0.060897029335265, 51.519132767661048 ], [ -0.060890763680403, 51.519137456946808 ], [ -0.060884417419209, 51.519142036553852 ], [ -0.060877992471359, 51.519146505096892 ], [ -0.060871490780329, 51.519150861224247 ], [ -0.060864914312809, 51.519155103618232 ], [ -0.06085826505811, 51.519159230995577 ], [ -0.060851545027558, 51.519163242107787 ], [ -0.06084475625389, 51.519167135741547 ], [ -0.060837900790635, 51.519170910719083 ], [ -0.060830980711498, 51.519174565898489 ], [ -0.060823998109725, 51.519178100174123 ], [ -0.060816955097479, 51.519181512476912 ], [ -0.060809853805194, 51.519184801774657 ], [ -0.060802696380933, 51.519187967072391 ], [ -0.06079548498974, 51.519191007412644 ], [ -0.060788221812981, 51.51919392187574 ], [ -0.060780909047688, 51.519196709580093 ], [ -0.060773548905894, 51.519199369682454 ], [ -0.060766143613961, 51.519201901378167 ], [ -0.06075869541191, 51.519204303901418 ], [ -0.060751206552739, 51.519206576525477 ], [ -0.060743679301748, 51.519208718562901 ], [ -0.060736115935848, 51.519210729365739 ], [ -0.060728518742875, 51.519212608325745 ], [ -0.060720890020897, 51.519214354874563 ], [ -0.06071323207752, 51.519215968483877 ], [ -0.060705547229187, 51.519217448665586 ], [ -0.060697837800482, 51.519218794971955 ], [ -0.060690106123423, 51.519220006995731 ], [ -0.060682354536758, 51.519221084370301 ], [ -0.060674585385257, 51.519222026769768 ], [ -0.060666801019005, 51.519222833909062 ], [ -0.060659003792688, 51.519223505544041 ], [ -0.060651196064881, 51.519224041471531 ], [ -0.060643380197337, 51.519224441529431 ], [ -0.06063555855427, 51.519224705596727 ], [ -0.060627733501644, 51.519224833593526 ], [ -0.06061990740645, 51.519224825481132 ], [ -0.060612082635998, 51.519224681261981 ], [ -0.060604261557196, 51.519224400979709 ], [ -0.060596446535834, 51.519223984719098 ], [ -0.060588639935871, 51.519223432606054 ], [ -0.060580844118719, 51.519222744807593 ], [ -0.060573061442528, 51.519221921531766 ], [ -0.060565294261472, 51.5192209630276 ], [ -0.060557544925039, 51.519219869585029 ], [ -0.06054981577732, 51.51921864153482 ], [ -0.060542109156296, 51.519217279248437 ], [ -0.060534427393138, 51.519215783137959 ], [ -0.060526772811494, 51.519214153655945 ], [ -0.060519147726792, 51.519212391295291 ], [ -0.060511554445538, 51.519210496589089 ], [ -0.060503995264616, 51.51920847011047 ], [ -0.060496472470596, 51.519206312472427 ], [ -0.060488988339041, 51.519204024327621 ], [ -0.060481545133821, 51.519201606368185 ], [ -0.060474145106422, 51.51919905932553 ], [ -0.060466790495273, 51.519196383970105 ], [ -0.060459483525064, 51.519193581111182 ], [ -0.060452226406074, 51.519190651596588 ], [ -0.060445021333502, 51.519187596312477 ], [ -0.060437870486804, 51.51918441618303 ], [ -0.060430776029033, 51.519181112170209 ], [ -0.060423740106186, 51.519177685273441 ], [ -0.060416764846552, 51.519174136529315 ], [ -0.060409852360072, 51.5191704670113 ], [ -0.060403004737698, 51.519166677829382 ], [ -0.06039622405076, 51.519162770129746 ], [ -0.060389512350343, 51.51915874509443 ], [ -0.060382871666663, 51.519154603940962 ], [ -0.060376304008455, 51.519150347921993 ], [ -0.060369811362363, 51.519145978324929 ], [ -0.060363395692343, 51.519141496471519 ], [ -0.060357058939064, 51.519136903717481 ], [ -0.060350803019326, 51.519132201452067 ], [ -0.060344629825475, 51.519127391097669 ], [ -0.060338541224837, 51.519122474109352 ], [ -0.060332539059146, 51.519117451974466 ], [ -0.060326625143993, 51.519112326212152 ], [ -0.060320801268271, 51.519107098372885 ], [ -0.06031506919364, 51.519101770038041 ], [ -0.060309430653991, 51.519096342819381 ], [ -0.06030388735492, 51.519090818358578 ], [ -0.060298440973214, 51.519085198326714 ], [ -0.060293093156345, 51.519079484423798 ], [ -0.06028784552197, 51.51907367837822 ], [ -0.06028269965744, 51.519067781946248 ], [ -0.060277657119323, 51.51906179691148 ], [ -0.060272719432933, 51.519055725084336 ], [ -0.060267888091865, 51.519049568301469 ], [ -0.060263164557548, 51.519043328425241 ], [ -0.060258550258799, 51.519037007343144 ], [ -0.060254046591394, 51.519030606967242 ], [ -0.060249654917643, 51.519024129233578 ], [ -0.060245376565979, 51.519017576101589 ], [ -0.060241212830557, 51.519010949553532 ], [ -0.060237164970862, 51.51900425159387 ], [ -0.060233234211327, 51.518997484248651 ], [ -0.060229421740965, 51.518990649564934 ], [ -0.060225728713005, 51.518983749610136 ], [ -0.060222156244549, 51.518976786471406 ], [ -0.06021870541623, 51.518969762255033 ], [ -0.060215377271885, 51.518962679085753 ], [ -0.060212172818242, 51.518955539106159 ], [ -0.060209093024614, 51.518948344476009 ], [ -0.060206138822603, 51.518941097371602 ], [ -0.060203311105825, 51.518933799985106 ], [ -0.060200610729633, 51.518926454523914 ], [ -0.06019803851086, 51.518919063209928 ], [ -0.060195595227576, 51.518911628278957 ], [ -0.060193281618847, 51.518904151979974 ], [ -0.060191098384514, 51.518896636574489 ], [ -0.060189046184983, 51.518889084335825 ], [ -0.06018712564102, 51.518881497548449 ], [ -0.06018533733357, 51.518873878507286 ], [ -0.060183681803575, 51.518866229517009 ], [ -0.060182159551817, 51.518858552891359 ], [ -0.060182159551817, 51.518858552891359 ], [ -0.06018675185701, 51.518855695297162 ], [ -0.06018675185701, 51.518855695297162 ], [ -0.060195936467396, 51.518849980108222 ]]]]"""
